"","iso_ter","country","total_area","protected_area","percent_protected","pc_gdp_2016","ecosystem"
"1","ABW","Aruba","3.54881962864481","0",0,27619.362,"coldwater_coral"
"2","AGO","Angola","3.39567053773998","0",0,3936.361,"coldwater_coral"
"3","ALB","Albania","5.98647948252716","0",0,4173.486,"coldwater_coral"
"4","ARG","Argentina","61.8263440651753","6.98422602063557",11.2965211290401,12772.868,"coldwater_coral"
"5","ATG","Antigua and Barbuda","0.997746538545076","0",0,16163.761,"coldwater_coral"
"6","AUS","Australia","333.428727950404","122.413497377955",36.7135423904335,51779.836,"coldwater_coral"
"7","BEN","Benin","0.997746527205306","0",0,1049.531,"coldwater_coral"
"8","BLZ","Belize","2.99323973953098","1.99549312134955",66.6666653858546,6152.457,"coldwater_coral"
"9","BRA","Brazil","233.165254915499","1.99549316229226",0.855827838935714,8812.503,"coldwater_coral"
"10","BRB","Barbados","6.37970478883903","0",0,18704.689,"coldwater_coral"
"11","CAN","Canada","204.280433116829","22.9600988252007",11.239499777284,42382.499,"coldwater_coral"
"12","CHL","Chile","86.8581116896839","46.2352596925966",53.2307907611213,13722.878,"coldwater_coral"
"13","COL","Colombia","56.1477557221478","10.89431447625",19.4029384365094,6037.133,"coldwater_coral"
"14","CPV","Cabo Verde","34.3151290222723","0",0,3748.574,"coldwater_coral"
"15","CRI","Costa Rica","8.97971910900959","2.99323973787266",33.3333337216468,11986.918,"coldwater_coral"
"16","CYP","Cyprus","0.998101946907064","0",0,24802.599,"coldwater_coral"
"17","DMA","Dominica","7.3651650429386","0",0,8089.25,"coldwater_coral"
"18","DNK","Denmark","2.99365873047323","0",0,54699.182,"coldwater_coral"
"19","DOM","Dominican Republic","20.0701086865526","17.4317996988043",86.8545356233371,7506.192,"coldwater_coral"
"20","DZA","Algeria","2.5290385636979","0",0,4426.58,"coldwater_coral"
"21","ECU","Ecuador","52.6278347129635","50.6323415510359",96.208293248599,5907.928,"coldwater_coral"
"22","ERI","Eritrea","2.74578579390164","0",0,655.424,"coldwater_coral"
"23","ESP","Spain","1469.083604719","1257.62536800926",85.6061128154658,26725.642,"coldwater_coral"
"24","FJI","Fiji","2.99323971956311","0",0,5658.236,"coldwater_coral"
"25","FRA","France","239.896192978977","178.912849174548",74.5792782089821,37081.496,"coldwater_coral"
"26","GBR","United Kingdom","352.975252551642","202.843836698487",57.4668720348348,41114.514,"coldwater_coral"
"27","GHA","Ghana","7.61553161242364","0",0,1912.48,"coldwater_coral"
"28","GIN","Guinea","0.998146567593262","0.998146567593262",100,679.964,"coldwater_coral"
"29","GNB","Guinea-Bissau","0.997746560532099","0",0,748.089,"coldwater_coral"
"30","GNQ","Equatorial Guinea","4.39760340599616","3.26008430454921",74.1332040107132,9200,"coldwater_coral"
"31","GRC","Greece","17.0600645525478","0.997746578259555",5.84843378046038,17901.38,"coldwater_coral"
"32","GRD","Grenada","14.9650777683986","0.278272351153",1.85947814945955,9572.093,"coldwater_coral"
"33","GTM","Guatemala","0.997746563836964","0",0,4172.065,"coldwater_coral"
"34","GUY","Guyana","15.4553640726882","0",0,5796.819,"coldwater_coral"
"35","HND","Honduras","12.3844405176936","0.997746580674196",8.05645260477223,2325.495,"coldwater_coral"
"36","HRV","Croatia","72.3828884378215","0.997746571876348",1.37842878808772,12817.079,"coldwater_coral"
"37","HTI","Haiti","3.99098626516811","0",0,1263.434,"coldwater_coral"
"38","IDN","Indonesia","144.255161624918","3.9909863193429",2.76661595632881,3604.99,"coldwater_coral"
"39","IND","India","10.9752122615403","0",0,1714.28,"coldwater_coral"
"40","IRL","Ireland","474.374394242633","187.917398643326",39.6137314585345,63933.925,"coldwater_coral"
"41","ISL","Iceland","528.361101493694","316.867529204908",59.9717746649238,63775.711,"coldwater_coral"
"42","ITA","Italy","166.128989497245","45.6543445503437",27.4812630164712,31357.601,"coldwater_coral"
"43","JAM","Jamaica","19.5994634664317","0.997746576420656",5.09068311043061,5183.462,"coldwater_coral"
"44","JPN","Japan","95.2004617816563","9.62331959682966",10.1084799555919,39411.424,"coldwater_coral"
"45","KEN","Kenya","3.99098631850294","0",0,1688.852,"coldwater_coral"
"46","KIR","Kiribati","1.99549316032311","0",0,1845.78,"coldwater_coral"
"47","KNA","Saint Kitts and Nevis","6.51111490902298","0",0,20546.639,"coldwater_coral"
"48","LBR","Liberia","6.93362618358551","0",0,709.824,"coldwater_coral"
"49","LCA","Saint Lucia","12.3844174162346","1.76116507923105",14.220814916351,10638.138,"coldwater_coral"
"50","LKA","Sri Lanka","3.99098634737099","0",0,4150.367,"coldwater_coral"
"51","MAR","Morocco","152.069298267823","0",0,3235.218,"coldwater_coral"
"52","MDG","Madagascar","9.37406314085495","0.997746585254377",10.6436938845217,489.439,"coldwater_coral"
"53","MEX","Mexico","117.738383967179","45.9973331205691",39.0674065421106,8999.57,"coldwater_coral"
"54","MHL","Marshall Islands","8.97971910029726","0",0,4143.728,"coldwater_coral"
"55","MLT","Malta","4.34711451271544","3.33789040240339",76.78404589159,26738.152,"coldwater_coral"
"56","MMR","Myanmar","5.98647941695625","0",0,1125.44,"coldwater_coral"
"57","MNE","Montenegro","1.99549313801732","0",0,NA,"coldwater_coral"
"58","MOZ","Mozambique","11.9729587680157","0",0,433.672,"coldwater_coral"
"59","MRT","Mauritania","39.6204336641054","0",0,1690.813,"coldwater_coral"
"60","MUS","Mauritius","0.997746579673261","0",0,9967.673,"coldwater_coral"
"61","MYS","Malaysia","7.47166374201478","0.100966641788051",1.35132743220621,9523.316,"coldwater_coral"
"62","NAM","Namibia","1.99549315598508","0",0,4454.9,"coldwater_coral"
"63","NGA","Nigeria","9.19148440299485","0",0,2177.988,"coldwater_coral"
"64","NIC","Nicaragua","5.49799999620016","0.422557530579863",7.68565898275566,2091.463,"coldwater_coral"
"65","NOR","Norway","3017.02068872933","235.201815498197",7.79583038249752,70629.25,"coldwater_coral"
"66","NZL","New Zealand","831.97415211146","236.767279431982",28.4584898258068,39453.17,"coldwater_coral"
"67","OMN","Oman","4.98873283503172","0",0,17020.387,"coldwater_coral"
"68","PAN","Panama","32.9256369568588","0.121064862520771",0.367691785824518,14866.506,"coldwater_coral"
"69","PER","Peru","8.97971908075518","0.997746571348176",11.1111111870581,6453.923,"coldwater_coral"
"70","PHL","Philippines","174.352255369976","7.14392339323619",4.09740807658425,3107.646,"coldwater_coral"
"71","PLW","Palau","3.24242093570336","3.24242093570336",100,17182.471,"coldwater_coral"
"72","PNG","Papua New Guinea","1.99549314958219","0",0,2245.439,"coldwater_coral"
"73","PRI","Puerto Rico","33.814589651525","6.47154170631325",19.1383121102621,30585.55,"coldwater_coral"
"74","PRT","Portugal","369.793066177503","105.47058183024",28.5215141864271,19914.852,"coldwater_coral"
"75","RUS","Russian Federation","17.9482763207811","0",0,8689.358,"coldwater_coral"
"76","SAU","Saudi Arabia","6.9842260911645","0",0,21515.651,"coldwater_coral"
"77","SEN","Senegal","4.19373899705194","0",0,1269.553,"coldwater_coral"
"78","SOM","Somalia","8.97971912156534","0",0,558.643,"coldwater_coral"
"79","SUR","Suriname","34.4225685734462","0",0,5762.414,"coldwater_coral"
"80","SWE","Sweden","31.0529245436098","19.3690018890172",62.3741633797356,51446.757,"coldwater_coral"
"81","SYC","Seychelles","3.44559793005424","0",0,16721.449,"coldwater_coral"
"82","THA","Thailand","3.99098637555205","0",0,5993.308,"coldwater_coral"
"83","TLS","Timor-Leste","6.03496586934398","0",0,1335.544,"coldwater_coral"
"84","TON","Tonga","1.99549321591097","0",0,4181.064,"coldwater_coral"
"85","TTO","Trinidad and Tobago","14.0099836042785","0",0,17149.368,"coldwater_coral"
"86","TUN","Tunisia","11.2526376432774","0",0,3890.127,"coldwater_coral"
"87","TUV","Tuvalu","0.997746564827538","0",0,3871.034,"coldwater_coral"
"88","URY","Uruguay","22.2218651326868","0",0,16695.477,"coldwater_coral"
"89","USA","United States","2137.24104806516","399.877658974278",18.709993397155,58179.697,"coldwater_coral"
"90","VCT","Saint Vincent and the Grenadines","10.272776718187","0",0,7389.41,"coldwater_coral"
"91","VUT","Vanuatu","18.1009321578198","0",0,2929.483,"coldwater_coral"
"92","WSM","Samoa","1.99549315802455","0",0,4325.408,"coldwater_coral"
"93","YEM","Yemen","0.997746569395683","0",0,975.359,"coldwater_coral"
"94","ZAF","South Africa","44.6205635802445","24.2220065340606",54.2844029535852,5721.189,"coldwater_coral"
"95","ABW","Aruba","0.337893769827033","0.00685633593436759",2.02913949490023,27619.362,"mangroves"
"96","AGO","Angola","374.912657045239","1.68759753968406",0.450130852605604,3936.361,"mangroves"
"97","ARE","United Arab Emirates","72.6323292602828","11.2192121209939",15.446581756712,40436.026,"mangroves"
"98","ATG","Antigua and Barbuda","8.86302416134686","4.44475367357458",50.1494026492549,16163.761,"mangroves"
"99","AUS","Australia","9781.88028304306","4833.0646232978",49.4083395364789,51779.836,"mangroves"
"100","BEN","Benin","1.40189554889003","0",0,1049.531,"mangroves"
"101","BGD","Bangladesh","4087.12416951906","3752.02959575037",91.8012137662036,1679.021,"mangroves"
"102","BHR","Bahrain","0.808425681791958","0",0,23800.001,"mangroves"
"103","BLZ","Belize","482.212511262747","157.684986012805",32.7003099940071,6152.457,"mangroves"
"104","BRA","Brazil","10889.8320636594","9402.37048693457",86.3408217130484,8812.503,"mangroves"
"105","BRB","Barbados","0.136871415779438","0",0,18704.689,"mangroves"
"106","BRN","Brunei Darussalam","113.324340580626","66.7180978889676",58.8735813922517,27321.997,"mangroves"
"107","CMR","Cameroon","1886.35864892368","1412.9636177698",74.9042934426075,1412.866,"mangroves"
"108","COL","Colombia","2286.66049426079","1067.076477774",46.6652780529608,6037.133,"mangroves"
"109","COM","Comoros","1.04065525060988","0.953654961566152",91.639854890201,1356.892,"mangroves"
"110","CRI","Costa Rica","361.864426855028","178.553419488889",49.3426284094021,11986.918,"mangroves"
"111","DJI","Djibouti","4.9221930213001","0",0,2803.689,"mangroves"
"112","DMA","Dominica","0.0169957272156196","0.0169957272156196",100,8089.25,"mangroves"
"113","DOM","Dominican Republic","188.147111527773","153.506080189053",81.5883267845935,7506.192,"mangroves"
"114","ECU","Ecuador","1379.93417855303","674.01216944049",48.8437912413506,5907.928,"mangroves"
"115","EGY","Egypt","0.983920030073875","0.478465445645617",48.6284892085887,3862.011,"mangroves"
"116","ERI","Eritrea","69.8810278047023","0",0,655.424,"mangroves"
"117","FJI","Fiji","508.850640320419","168.148449704335",33.0447554509223,5658.236,"mangroves"
"118","GAB","Gabon","1746.31123227894","916.042145590278",52.4558354008202,7082.218,"mangroves"
"119","GHA","Ghana","204.235078963438","101.060264489662",49.4823244873395,1912.48,"mangroves"
"120","GIN","Guinea","2209.43003995291","562.816026505302",25.4733581207802,679.964,"mangroves"
"121","GNB","Guinea-Bissau","2587.30349761381","965.481448838035",37.3161266054975,748.089,"mangroves"
"122","GNQ","Equatorial Guinea","256.59030490496","204.002873442966",79.5052928903638,9200,"mangroves"
"123","GRD","Grenada","1.13842574629655","0.335079473957372",29.4335818605148,9572.093,"mangroves"
"124","GTM","Guatemala","239.540960102206","111.332886710398",46.4775989304272,4172.065,"mangroves"
"125","GUY","Guyana","282.60847245255","146.454327517662",51.8223414346688,5796.819,"mangroves"
"126","HND","Honduras","590.176900328398","390.909971886492",66.2360678076309,2325.495,"mangroves"
"127","HTI","Haiti","146.987185557978","67.5439212298656",45.952251533671,1263.434,"mangroves"
"128","IDN","Indonesia","26504.9067708647","6475.92589218202",24.4329321667361,3604.99,"mangroves"
"129","IND","India","3488.69339904678","716.798438704541",20.5463294338331,1714.28,"mangroves"
"130","JAM","Jamaica","95.3388276176159","54.4928389018161",57.1570264324789,5183.462,"mangroves"
"131","JPN","Japan","9.81601723532788","7.36751115897091",75.0560128649246,39411.424,"mangroves"
"132","KEN","Kenya","529.166695235685","84.8905425631305",16.0423063899215,1688.852,"mangroves"
"133","KHM","Cambodia","585.753360326428","393.880633419294",67.243427028706,1735.785,"mangroves"
"134","KNA","Saint Kitts and Nevis","0.288188935547014","0.0011635686761729",0.40375202953726,20546.639,"mangroves"
"135","LBR","Liberia","189.218822516554","21.8562870597277",11.5507996345425,709.824,"mangroves"
"136","LCA","Saint Lucia","1.65699083821273","1.08017088061554",65.1887056768905,10638.138,"mangroves"
"137","LKA","Sri Lanka","197.173612452624","9.4242054402154",4.77964841389707,4150.367,"mangroves"
"138","MDG","Madagascar","2585.11646254292","465.230651835273",17.9965064853456,489.439,"mangroves"
"139","MEX","Mexico","9661.0656586436","7276.02700453356",75.3128822597724,8999.57,"mangroves"
"140","MMR","Myanmar","4953.04629095952","150.536114410037",3.03926322442819,1125.44,"mangroves"
"141","MOZ","Mozambique","2985.52070148794","1639.50463498831",54.9151990194275,433.672,"mangroves"
"142","MRT","Mauritania","0.833671509111607","0.404355918626622",48.5030271764378,1690.813,"mangroves"
"143","MUS","Mauritius","7.11337394246802","0.644937754415433",9.06655209794395,9967.673,"mangroves"
"144","MYS","Malaysia","5092.22754601718","728.606638056443",14.3082105320748,9523.316,"mangroves"
"145","NGA","Nigeria","6881.38508431556","370.398471199136",5.3826150790975,2177.988,"mangroves"
"146","NIC","Nicaragua","731.399359831335","576.373709926278",78.804240416507,2091.463,"mangroves"
"147","NZL","New Zealand","310.312771167373","23.4912275741767",7.57017749730523,39453.17,"mangroves"
"148","OMN","Oman","1.14993793746886","0.536672927288989",46.6697297134369,17020.387,"mangroves"
"149","PAK","Pakistan","641.482281647333","230.745527040935",35.9706781687528,1566.625,"mangroves"
"150","PAN","Panama","1520.75185668653","631.023288919591",41.4941652804876,14866.506,"mangroves"
"151","PER","Peru","40.2003447049125","15.889111996273",39.5248153042113,6453.923,"mangroves"
"152","PHL","Philippines","2674.55476877824","1061.92132947402",39.7046021218372,3107.646,"mangroves"
"153","PLW","Palau","61.4039182818926","50.8194177502284",82.7624998081182,17182.471,"mangroves"
"154","PNG","Papua New Guinea","4668.85744609576","209.547877942491",4.48820467023943,2245.439,"mangroves"
"155","PRI","Puerto Rico","88.0497344447596","44.445912184114",50.4781899279871,30585.55,"mangroves"
"156","QAT","Qatar","4.42535412368615","3.98236548151412",89.989758338186,57965.377,"mangroves"
"157","SAU","Saudi Arabia","64.9128211255508","7.50169042087165",11.5565620023852,21515.651,"mangroves"
"158","SDN","Sudan","3.70890663886185","0.116712856865263",3.14682649712313,1638.638,"mangroves"
"159","SEN","Senegal","1246.32774142036","728.084108225575",58.4183504890797,1269.553,"mangroves"
"160","SGP","Singapore","5.18777607976631","0.470087676364917",9.06144885856547,57005.574,"mangroves"
"161","SLB","Solomon Islands","527.672506215791","54.7169843976715",10.3694969423506,2080.758,"mangroves"
"162","SLE","Sierra Leone","1264.32655624945","0",0,823.87,"mangroves"
"163","SLV","El Salvador","375.289221901237","288.175550541099",76.7875904032588,3870.318,"mangroves"
"164","SOM","Somalia","21.1614854300656","0",0,558.643,"mangroves"
"165","SUR","Suriname","763.19035505868","528.724117666259",69.278144588922,5762.414,"mangroves"
"166","SYC","Seychelles","1.11487858265853","0.401947285322408",36.0530098590582,16721.449,"mangroves"
"167","THA","Thailand","2246.97268015352","154.730421125088",6.88617278223946,5993.308,"mangroves"
"168","TLS","Timor-Leste","9.81902953810036","5.51689352338759",56.1857310030551,1335.544,"mangroves"
"169","TON","Tonga","8.65103563169179","1.88227443068215",21.7577930645287,4181.064,"mangroves"
"170","TTO","Trinidad and Tobago","52.7671959720383","17.6015448417371",33.356983477129,17149.368,"mangroves"
"171","USA","United States","1879.20925695027","1692.52457010132",90.0657850551506,58179.697,"mangroves"
"172","VCT","Saint Vincent and the Grenadines","1.11025620238207","0.509244834223061",45.8673262198823,7389.41,"mangroves"
"173","VUT","Vanuatu","17.636071456825","0",0,2929.483,"mangroves"
"174","WSM","Samoa","3.04012699243989","0.594677565883473",19.560944900075,4325.408,"mangroves"
"175","YEM","Yemen","16.2628149193848","2.41755243939471",14.8655226747557,975.359,"mangroves"
"176","ZAF","South Africa","24.9221119576282","8.61156014023855",34.5538939672515,5721.189,"mangroves"
"177","AGO","Angola","4.1149203726672","0.997746601119674",24.2470451614829,3936.361,"saltmarshes"
"178","ALB","Albania","54.5599588089528","46.2691076755062",84.8041470073724,4173.486,"saltmarshes"
"179","ARE","United Arab Emirates","55.5296555220255","10.4604462768005",18.83758539192,40436.026,"saltmarshes"
"180","ARG","Argentina","4761.72677011559","2018.00084481145",42.3796018174823,12772.868,"saltmarshes"
"181","ATG","Antigua and Barbuda","25.9888750497518","22.8824971535496",88.0472783440778,16163.761,"saltmarshes"
"182","AUS","Australia","13186.5854733994","4233.86136291207",32.1073364401483,51779.836,"saltmarshes"
"183","AZE","Azerbaijan","0.997746551912462","0",0,3897.788,"saltmarshes"
"184","BEL","Belgium","4.40658084853609","3.63699642744118",82.5355656109075,41918.104,"saltmarshes"
"185","BGR","Bulgaria","1.31334207952052","0.315595516547506",24.0299554448697,7593.706,"saltmarshes"
"186","BHR","Bahrain","18.825165564829","0",0,23800.001,"saltmarshes"
"187","BIH","Bosnia and Herzegovina","25.5796968205445","2.90105669851679",11.3412473919033,4875.228,"saltmarshes"
"188","BRA","Brazil","2906.19188544046","959.091952549451",33.0016733359674,8812.503,"saltmarshes"
"189","CAN","Canada","68200.0819304647","51092.6446826336",74.9158112958376,42382.499,"saltmarshes"
"190","CHL","Chile","656.328812728532","380.463248100537",57.9683903436832,13722.878,"saltmarshes"
"191","CRI","Costa Rica","5.99285380428272","4.37318783012831",72.9733775084428,11986.918,"saltmarshes"
"192","CYP","Cyprus","19.5672692581967","18.445392559763",94.2665648250137,24802.599,"saltmarshes"
"193","DEU","Germany","203.070924334074","199.638514480795",98.3097482495167,42949.139,"saltmarshes"
"194","DJI","Djibouti","0.997746615863708","0",0,2803.689,"saltmarshes"
"195","DNK","Denmark","304.35344656917","292.344979537403",96.0544336963709,54699.182,"saltmarshes"
"196","DZA","Algeria","1.99549318096299","1.99549318096299",100,4426.58,"saltmarshes"
"197","ECU","Ecuador","647.623192486668","283.126891384029",43.7178431329662,5907.928,"saltmarshes"
"198","EGY","Egypt","54.9727062852492","21.5683987515263",39.2347406722338,3862.011,"saltmarshes"
"199","ESP","Spain","883.581568353256","850.033361686282",96.2031568031124,26725.642,"saltmarshes"
"200","EST","Estonia","224.049755459842","208.053198979726",92.8602660389947,18661.231,"saltmarshes"
"201","FIN","Finland","132.473784150712","87.6793335231116",66.1861772011895,43502.557,"saltmarshes"
"202","FJI","Fiji","1293.16442384894","160.821479169865",12.4362746301975,5658.236,"saltmarshes"
"203","FRA","France","800.795474470054","770.841251574716",96.2594415365345,37081.496,"saltmarshes"
"204","GBR","United Kingdom","562.145102585156","520.383766630174",92.5710753748573,41114.514,"saltmarshes"
"205","GEO","Georgia","5.99285533754899","0.997746608475603",16.6489353117552,4142.174,"saltmarshes"
"206","GHA","Ghana","99.9718050598989","0",0,1912.48,"saltmarshes"
"207","GRC","Greece","139.963577422363","111.556040394786",79.7036217916515,17901.38,"saltmarshes"
"208","HND","Honduras","63.2926360295864","44.324921266749",70.0317194026002,2325.495,"saltmarshes"
"209","HRV","Croatia","94.7787316824984","90.6896734574201",95.6856795269466,12817.079,"saltmarshes"
"210","IND","India","1671.31456030351","4.22103421615563",0.252557736072681,1714.28,"saltmarshes"
"211","IRL","Ireland","99.0772220269396","87.9841144263775",88.8035742488361,63933.925,"saltmarshes"
"212","IRQ","Iraq","6599.20091699695","93.7330257145621",1.4203693279461,4656.709,"saltmarshes"
"213","ISL","Iceland","43.2733328494041","11.3714023145026",26.278082980288,63775.711,"saltmarshes"
"214","ITA","Italy","439.330971322335","415.5001593094",94.5756585425318,31357.601,"saltmarshes"
"215","JPN","Japan","8.97971914745799","5.79177809321453",64.4984325022468,39411.424,"saltmarshes"
"216","KEN","Kenya","1.99549315523612","0",0,1688.852,"saltmarshes"
"217","KHM","Cambodia","0.224005694915426","0",0,1735.785,"saltmarshes"
"218","KOR","Korea, Republic of","224.946095698903","32.9308196555044",14.6394270828258,30825.524,"saltmarshes"
"219","KWT","Kuwait","11298.539567458","1296.76979656158",11.4773222576175,26795.706,"saltmarshes"
"220","LBY","Libya","1.99549318826622","0",0,7817.631,"saltmarshes"
"221","LKA","Sri Lanka","77.9581897419449","27.9297802043775",35.8266146210294,4150.367,"saltmarshes"
"222","LTU","Lithuania","0.997746588514625","0.997746588514625",100,14975.135,"saltmarshes"
"223","LVA","Latvia","8.69488754116547","7.75612314326578",89.2032600369452,13768.519,"saltmarshes"
"224","MAR","Morocco","66.9772220158362","66.9772220158362",100,3235.218,"saltmarshes"
"225","MDG","Madagascar","57.8254575569581","36.2673877889383",62.7187216862311,489.439,"saltmarshes"
"226","MEX","Mexico","15313.8077049954","11411.1351579979",74.5153352962346,8999.57,"saltmarshes"
"227","MLT","Malta","0.997746560380426","0.63971417991643",64.1158992993688,26738.152,"saltmarshes"
"228","MNE","Montenegro","1.05026221431482","1.00544716088894",95.7329652714288,NA,"saltmarshes"
"229","MRT","Mauritania","12133.4739510172","2453.47937716563",20.2207495319997,1690.813,"saltmarshes"
"230","NAM","Namibia","210.001163308001","142.708619541206",67.9561090487392,4454.9,"saltmarshes"
"231","NIC","Nicaragua","753.057928004391","476.798593125415",63.314995486328,2091.463,"saltmarshes"
"232","NLD","Netherlands","151.502737116509","147.321871698097",97.240402716159,46936.707,"saltmarshes"
"233","NOR","Norway","48.9701862272995","21.1154170430783",43.1189233078862,70629.25,"saltmarshes"
"234","NZL","New Zealand","196.284991263459","46.9793642996655",23.9342621141158,39453.17,"saltmarshes"
"235","OMN","Oman","1.21354406908681","0.997746597181646",82.217582582926,17020.387,"saltmarshes"
"236","PAK","Pakistan","4001.05317745601","3630.53237403778",90.7394181735467,1566.625,"saltmarshes"
"237","PAN","Panama","220.964892508235","87.8134211868763",39.7408928586263,14866.506,"saltmarshes"
"238","PER","Peru","289.643978234784","47.613377373573",16.4385870073148,6453.923,"saltmarshes"
"239","PHL","Philippines","1.99549315169896","0",0,3107.646,"saltmarshes"
"240","POL","Poland","8.89058028986526","7.60049280434893",85.4892769261985,12455.033,"saltmarshes"
"241","PRI","Puerto Rico","58.4387258259773","12.9139516523662",22.0982772465338,30585.55,"saltmarshes"
"242","PRT","Portugal","198.935384038407","184.660769094394",92.82449675154,19914.852,"saltmarshes"
"243","QAT","Qatar","3.15292255692798","0.997746562330184",31.6451338183938,57965.377,"saltmarshes"
"244","ROU","Romania","54.7215575295328","54.7215575295328",100,9379.115,"saltmarshes"
"245","RUS","Russian Federation","9405.84974382401","3326.67668772347",35.3681674524708,8689.358,"saltmarshes"
"246","SAU","Saudi Arabia","420.574017110933","0",0,21515.651,"saltmarshes"
"247","SDN","Sudan","0.997746578501967","0",0,1638.638,"saltmarshes"
"248","SOM","Somalia","0.99774657513536","0",0,558.643,"saltmarshes"
"249","SUR","Suriname","119.977888036083","119.977888036083",100,5762.414,"saltmarshes"
"250","SVN","Slovenia","3.20913385014855","1.06679732392191",33.2425312790404,21450.814,"saltmarshes"
"251","SWE","Sweden","355.298512876604","197.632065426133",55.6242309673756,51446.757,"saltmarshes"
"252","TON","Tonga","2.99472705303861","0.0919033601798586",3.06883928158356,4181.064,"saltmarshes"
"253","TUN","Tunisia","1.99549316768183","0.997746609984215",50.0000013101172,3890.127,"saltmarshes"
"254","UKR","Ukraine","2.92098603646244","0.925492881184739",31.6842624248074,2200.851,"saltmarshes"
"255","URY","Uruguay","303.75936834445","197.931510120904",65.160627374119,16695.477,"saltmarshes"
"256","USA","United States","18786.3016053824","6103.20681322676",32.48753768266,58179.697,"saltmarshes"
"257","VUT","Vanuatu","1.99549320695315","0",0,2929.483,"saltmarshes"
"258","YEM","Yemen","0.997746554760933","0",0,975.359,"saltmarshes"
"259","ZAF","South Africa","1041.33114793247","220.143561329218",21.140591229438,5721.189,"saltmarshes"
"260","ABW","Aruba","33.08692298","0",0,27619.362,"seagrasses"
"261","AGO","Angola","592.8570579","0",0,3936.361,"seagrasses"
"262","ALB","Albania","44.01928165","2.937081536",6.672261395,4173.486,"seagrasses"
"263","ARE","United Arab Emirates","1021.682402","441.895138",43.25171276,40436.026,"seagrasses"
"264","ATG","Antigua and Barbuda","249.6354881","53.26903013",21.33872493,16163.761,"seagrasses"
"265","AUS","Australia","41008.97792","16265.00278",39.66205354,51779.836,"seagrasses"
"266","AZE","Azerbaijan","6.20532E-05","0",0,3897.788,"seagrasses"
"267","BEN","Benin","1342.761681","0",0,1049.531,"seagrasses"
"268","BGD","Bangladesh","3.10266E-06","0",0,1679.021,"seagrasses"
"269","BHR","Bahrain","535.7485588","0",0,23800.001,"seagrasses"
"270","BLZ","Belize","4901.115852","2131.097093",43.48187549,6152.457,"seagrasses"
"271","BRA","Brazil","426.4819117","0.980516292",0.229908061,8812.503,"seagrasses"
"272","BRB","Barbados","89.62936045","0",0,18704.689,"seagrasses"
"273","CAN","Canada","301.9091411","70.0127912",23.19002033,42382.499,"seagrasses"
"274","CHL","Chile","3.10266E-06","0",0,13722.878,"seagrasses"
"275","COL","Colombia","430.8011439","189.2413375",43.92777043,6037.133,"seagrasses"
"276","COM","Comoros","1265.150038","56.63725214",4.476722163,1356.892,"seagrasses"
"277","CRI","Costa Rica","1.86161E-05","1.55134E-05",83.33335481,11986.918,"seagrasses"
"278","CYP","Cyprus","69.8779804","45.54149521",65.17288415,24802.599,"seagrasses"
"279","DEU","Germany","317.3085849","317.1596276",99.95305603,42949.139,"seagrasses"
"280","DMA","Dominica","513.9320584","6.609720523",1.286107845,8089.25,"seagrasses"
"281","DNK","Denmark","1182.111357","624.7571642",52.85095693,54699.182,"seagrasses"
"282","DOM","Dominican Republic","346.6921931","86.04759415",24.81959383,7506.192,"seagrasses"
"283","DZA","Algeria","40.48320198","0.02468952",0.060987073,4426.58,"seagrasses"
"284","EGY","Egypt","2438.731789","470.0223349",19.27322787,3862.011,"seagrasses"
"285","ERI","Eritrea","16.33345792","0",0,655.424,"seagrasses"
"286","ESP","Spain","3100.361824","2051.523017",66.1704386,26725.642,"seagrasses"
"287","EST","Estonia","3.10266E-05","2.48213E-05",80.00015781,18661.231,"seagrasses"
"288","FIN","Finland","0.000179954","4.65401E-05",25.86217868,43502.557,"seagrasses"
"289","FJI","Fiji","1736.2906","288.1320362",16.59468964,5658.236,"seagrasses"
"290","FRA","France","1094.506548","1057.256954",96.59667689,37081.496,"seagrasses"
"291","GBR","United Kingdom","149.2749843","122.8425036",82.2927594,41114.514,"seagrasses"
"292","GHA","Ghana","2713.71099","0",0,1912.48,"seagrasses"
"293","GIN","Guinea","12809.59674","533.2489433",4.162886266,679.964,"seagrasses"
"294","GNB","Guinea-Bissau","15318.29862","2341.016473",15.28248359,748.089,"seagrasses"
"295","GRC","Greece","626.4325698","570.9029914",91.13558568,17901.38,"seagrasses"
"296","GRD","Grenada","9.917503395","0.693755178",6.995260303,9572.093,"seagrasses"
"297","GTM","Guatemala","0.18324354","0.130607527",71.27537852,4172.065,"seagrasses"
"298","HND","Honduras","2739.154467","731.8685515",26.71877619,2325.495,"seagrasses"
"299","HRV","Croatia","299.6177049","171.7716943",57.33028839,12817.079,"seagrasses"
"300","HTI","Haiti","748.6302821","10.88962733",1.454606845,1263.434,"seagrasses"
"301","IDN","Indonesia","17597.08315","3548.055534",20.16274802,3604.99,"seagrasses"
"302","IND","India","4229.409283","0.001024088",2.42135e-05,1714.28,"seagrasses"
"303","IRL","Ireland","3.65161555","3.64957673",99.94416661,63933.925,"seagrasses"
"304","IRQ","Iraq","74.87882738","0",0,4656.709,"seagrasses"
"305","ISL","Iceland","8.99774E-05","3.72321E-05",41.37936807,63775.711,"seagrasses"
"306","ISR","Israel","17.39566938","1.939634854",11.15010185,37683.004,"seagrasses"
"307","ITA","Italy","3724.985608","1842.900497",49.47403001,31357.601,"seagrasses"
"308","JAM","Jamaica","791.6962023","132.7625682",16.76938298,5183.462,"seagrasses"
"309","JOR","Jordan","1.37053977","0",0,4009.059,"seagrasses"
"310","JPN","Japan","473.7327756","405.0927174",85.51080657,39411.424,"seagrasses"
"311","KAZ","Kazakhstan","7.44645E-05","3.10267E-05",41.66644601,7714.842,"seagrasses"
"312","KEN","Kenya","116.0616842","72.61264681",62.56384037,1688.852,"seagrasses"
"313","KHM","Cambodia","1.86158E-05","6.20524E-06",33.33320066,1735.785,"seagrasses"
"314","KIR","Kiribati","496.2341908","0",0,1845.78,"seagrasses"
"315","KNA","Saint Kitts and Nevis","60.08679097","52.07103414",86.65970225,20546.639,"seagrasses"
"316","KOR","Korea, Republic of","0.000319574","9.308E-05",29.12628889,30825.524,"seagrasses"
"317","KWT","Kuwait","1584.368924","192.3090884",12.13789828,26795.706,"seagrasses"
"318","LBN","Lebanon","9.30798E-06","0",0,8172.768,"seagrasses"
"319","LBY","Libya","11.51678471","0",0,7817.631,"seagrasses"
"320","LCA","Saint Lucia","6.613645464","4.270949636",64.57784379,10638.138,"seagrasses"
"321","LKA","Sri Lanka","2867.852843","4.047682729",0.141139834,4150.367,"seagrasses"
"322","LTU","Lithuania","6.20528E-06","3.10264E-06",49.99991533,14975.135,"seagrasses"
"323","MAR","Morocco","1.24108E-05","6.2054E-06",50.00014146,3235.218,"seagrasses"
"324","MDG","Madagascar","5764.783444","1181.889851",20.50189503,489.439,"seagrasses"
"325","MDV","Maldives","2400.96703","25.50429704",1.062251031,12435.588,"seagrasses"
"326","MEX","Mexico","9758.423516","5913.053533",60.59435239,8999.57,"seagrasses"
"327","MHL","Marshall Islands","525.8356504","2.003983469",0.381104527,4143.728,"seagrasses"
"328","MLT","Malta","70.41108267","64.40706119",91.47290277,26738.152,"seagrasses"
"329","MMR","Myanmar","2933.54998","9.656281184",0.329167093,1125.44,"seagrasses"
"330","MNE","Montenegro","6.20547E-06","0",0,NA,"seagrasses"
"331","MOZ","Mozambique","689.8336798","648.9513735",94.07359955,433.672,"seagrasses"
"332","MRT","Mauritania","1.86158E-05","1.55132E-05",83.33339847,1690.813,"seagrasses"
"333","MUS","Mauritius","132.3056058","4.34373E-05",3.2831e-05,9967.673,"seagrasses"
"334","MYS","Malaysia","540.556782","98.8692416",18.29026013,9523.316,"seagrasses"
"335","NGA","Nigeria","8829.355773","1.148234339",0.013004735,2177.988,"seagrasses"
"336","NIC","Nicaragua","5532.423809","914.113881",16.52284627,2091.463,"seagrasses"
"337","NLD","Netherlands","1.122541864","1.122535659",99.99944721,46936.707,"seagrasses"
"338","NOR","Norway","62.27841769","11.98408999",19.24276569,70629.25,"seagrasses"
"339","NZL","New Zealand","0.000158236","2.17184E-05",13.72534361,39453.17,"seagrasses"
"340","OMN","Oman","4.96432E-05","6.20542E-06",12.50005862,17020.387,"seagrasses"
"341","PAN","Panama","1791.345207","91.36694576",5.100465584,14866.506,"seagrasses"
"342","PHL","Philippines","14945.98472","4339.651048",29.0355646,3107.646,"seagrasses"
"343","PLW","Palau","727.4328449","720.3429449",99.02535332,17182.471,"seagrasses"
"344","PNG","Papua New Guinea","9226.265389","1107.79264",12.00694532,2245.439,"seagrasses"
"345","POL","Poland","2.65949332","2.659487114",99.99976667,12455.033,"seagrasses"
"346","PRI","Puerto Rico","600.6546","123.3863557",20.54198132,30585.55,"seagrasses"
"347","PRT","Portugal","0.038047462","0.001721384",4.524307752,19914.852,"seagrasses"
"348","QAT","Qatar","1147.194976","87.71274955",7.645844983,57965.377,"seagrasses"
"349","ROU","Romania","1.55133E-05","1.24106E-05",79.99986005,9379.115,"seagrasses"
"350","RUS","Russian Federation","680.042559","15.41743948",2.26712862,8689.358,"seagrasses"
"351","SAU","Saudi Arabia","20983.36203","331.5316967",1.579974154,21515.651,"seagrasses"
"352","SDN","Sudan","4439.92729","3.10266E-06",6.98809e-08,1638.638,"seagrasses"
"353","SEN","Senegal","1482.058494","482.2959352",32.54230094,1269.553,"seagrasses"
"354","SGP","Singapore","127.0494055","0",0,57005.574,"seagrasses"
"355","SLB","Solomon Islands","1253.887969","167.1690763",13.3320584,2080.758,"seagrasses"
"356","SLE","Sierra Leone","4411.132434","1.177889234",0.02670265,823.87,"seagrasses"
"357","SOM","Somalia","9.30805E-06","0",0,558.643,"seagrasses"
"358","SUR","Suriname","6.20529E-06","3.10263E-06",49.99973875,5762.414,"seagrasses"
"359","SVN","Slovenia","0.085102378","4.51089E-05",0.053005497,21450.814,"seagrasses"
"360","SWE","Sweden","33.87931189","18.82019373",55.55069653,51446.757,"seagrasses"
"361","SYC","Seychelles","5.58478E-05","1.8616E-05",33.3334231,16721.449,"seagrasses"
"362","TGO","Togo","189.8222066","0",0,792.222,"seagrasses"
"363","THA","Thailand","1822.150234","1408.502136",77.29890266,5993.308,"seagrasses"
"364","TKM","Turkmenistan","2.48213E-05","3.10267E-06",12.500042,7306.006,"seagrasses"
"365","TLS","Timor-Leste","334.7836364","4.005725709",1.196511799,1335.544,"seagrasses"
"366","TON","Tonga","3684.589058","184.7012686",5.012805111,4181.064,"seagrasses"
"367","TTO","Trinidad and Tobago","1.11733615","0.582254174",52.11092234,17149.368,"seagrasses"
"368","TUN","Tunisia","4988.245786","122.9022409",2.463836912,3890.127,"seagrasses"
"369","UKR","Ukraine","155.695511","93.57686355",60.10248011,2200.851,"seagrasses"
"370","USA","United States","13940.22969","8524.270082",61.14870608,58179.697,"seagrasses"
"371","VCT","Saint Vincent and the Grenadines","0.311822714","0.040396716",12.95502663,7389.41,"seagrasses"
"372","VUT","Vanuatu","1237.733143","3.179871694",0.256910927,2929.483,"seagrasses"
"373","WSM","Samoa","982.8723327","47.37314431",4.819867518,4325.408,"seagrasses"
"374","YEM","Yemen","5455.4819","6.20522E-06",1.13743e-07,975.359,"seagrasses"
"375","ZAF","South Africa","405.5657793","405.5657318",99.99998828,5721.189,"seagrasses"
"376","ABW","Aruba","66.5257434761535","0.494249113192906",0.742944140669502,27619.362,"warm_coral"
"377","ARE","United Arab Emirates","126.761555170089","59.9976094380869",47.3310771215939,40436.026,"warm_coral"
"378","ATG","Antigua and Barbuda","54.8946288086163","34.1644476245246",62.2364124979056,16163.761,"warm_coral"
"379","AUS","Australia","31683.868469488","27424.7238569267",86.557371879438,51779.836,"warm_coral"
"380","BGD","Bangladesh","4.53097443625609","0",0,1679.021,"warm_coral"
"381","BHR","Bahrain","207.846294391492","0",0,23800.001,"warm_coral"
"382","BLZ","Belize","894.571592598028","368.999393410442",41.2487269284718,6152.457,"warm_coral"
"383","BRA","Brazil","697.508463347012","570.816769287793",81.836536656303,8812.503,"warm_coral"
"384","BRB","Barbados","31.2227004063655","0.284625165569483",0.911596889010456,18704.689,"warm_coral"
"385","BRN","Brunei Darussalam","62.736094142188","0",0,27321.997,"warm_coral"
"386","COL","Colombia","934.807894158081","831.509304823991",88.9497521384194,6037.133,"warm_coral"
"387","COM","Comoros","218.976991976775","130.270773249896",59.4906213999475,1356.892,"warm_coral"
"388","CRI","Costa Rica","69.8620497617106","24.5026517879331",35.0729070668669,11986.918,"warm_coral"
"389","DJI","Djibouti","247.190961159525","0",0,2803.689,"warm_coral"
"390","DMA","Dominica","16.3589633919245","0.727007963536417",4.44409554639202,8089.25,"warm_coral"
"391","DOM","Dominican Republic","350.604976049933","229.38488669062",65.425450966204,7506.192,"warm_coral"
"392","ECU","Ecuador","125.413568309819","125.413568309819",100,5907.928,"warm_coral"
"393","EGY","Egypt","2207.10880252002","1157.47481502015",52.4430337869421,3862.011,"warm_coral"
"394","ERI","Eritrea","1583.18776808474","0",0,655.424,"warm_coral"
"395","FJI","Fiji","3366.6641085803","1172.48940976381",34.8264445738912,5658.236,"warm_coral"
"396","GRD","Grenada","45.4431923245749","2.99456602496455",6.58969115456516,9572.093,"warm_coral"
"397","GTM","Guatemala","7.06314739238198","5.08667552604251",72.0171227281593,4172.065,"warm_coral"
"398","HND","Honduras","717.914337311415","243.94437229223",33.9795933322353,2325.495,"warm_coral"
"399","HTI","Haiti","325.602719796727","114.121495993399",35.0493067332622,1263.434,"warm_coral"
"400","IDN","Indonesia","20103.4759073885","6788.4191055801",33.7673899620771,3604.99,"warm_coral"
"401","IND","India","2036.5686996224","0",0,1714.28,"warm_coral"
"402","ISR","Israel","0.793356959935676","0.605763184239616",76.3544299515227,37683.004,"warm_coral"
"403","JAM","Jamaica","412.681124524885","72.331114739451",17.5271197156703,5183.462,"warm_coral"
"404","JOR","Jordan","2.86070435046009","0.319393218706919",11.1648454219168,4009.059,"warm_coral"
"405","JPN","Japan","1038.59789808947","743.951749972035",71.630392410822,39411.424,"warm_coral"
"406","KEN","Kenya","410.17083033528","124.792828045584",30.4245984395273,1688.852,"warm_coral"
"407","KHM","Cambodia","47.4636924358226","8.03641425423907",16.9317089375324,1735.785,"warm_coral"
"408","KIR","Kiribati","1960.04450220922","72.8100069219115",3.7147119282162,1845.78,"warm_coral"
"409","KNA","Saint Kitts and Nevis","41.8207486356309","41.1408408619471",98.374233374903,20546.639,"warm_coral"
"410","KWT","Kuwait","72.7455221277148","0",0,26795.706,"warm_coral"
"411","LCA","Saint Lucia","29.4758166276421","3.74404106316117",12.7020774706885,10638.138,"warm_coral"
"412","LKA","Sri Lanka","108.902758257978","0.989204930757828",0.908337811255904,4150.367,"warm_coral"
"413","MDG","Madagascar","2401.19262887085","818.073432929061",34.0694629449099,489.439,"warm_coral"
"414","MDV","Maldives","2696.11221556477","119.539344364491",4.43376739567384,12435.588,"warm_coral"
"415","MEX","Mexico","1560.48415484469","1089.46073443853",69.8155589120326,8999.57,"warm_coral"
"416","MHL","Marshall Islands","1992.45189899197","358.465514314757",17.9911753200221,4143.728,"warm_coral"
"417","MMR","Myanmar","605.711660810521","38.0741145358433",6.28584803615884,1125.44,"warm_coral"
"418","MOZ","Mozambique","1675.05525056339","162.539866054386",9.70355252459389,433.672,"warm_coral"
"419","MUS","Mauritius","2551.1091836772","1839.1713689116",72.0930088245223,9967.673,"warm_coral"
"420","MYS","Malaysia","2148.12186462979","669.353382409515",31.1599352639555,9523.316,"warm_coral"
"421","NIC","Nicaragua","460.096382117654","280.529872624669",60.9719796824948,2091.463,"warm_coral"
"422","NRU","Nauru","5.91543097709155","0",0,7992.255,"warm_coral"
"423","OMN","Oman","266.191499792615","46.4368681546685",17.4449102209675,17020.387,"warm_coral"
"424","PAN","Panama","630.693599060019","68.3134740214335",10.8314836432853,14866.506,"warm_coral"
"425","PHL","Philippines","13485.4703070912","2129.67129937413",15.792339835966,3107.646,"warm_coral"
"426","PLW","Palau","506.399384829784","506.253254851162",99.9711433340956,17182.471,"warm_coral"
"427","PNG","Papua New Guinea","7255.24898314781","297.170348345126",4.09593590840757,2245.439,"warm_coral"
"428","PRI","Puerto Rico","158.139999715516","33.6710879388224",21.2919489056498,30585.55,"warm_coral"
"429","QAT","Qatar","155.314399820548","0.567754192429643",0.365551547754512,57965.377,"warm_coral"
"430","SAU","Saudi Arabia","3419.26971724347","438.95143793615",12.8375786128396,21515.651,"warm_coral"
"431","SDN","Sudan","613.065587203154","121.622739084942",19.8384547467088,1638.638,"warm_coral"
"432","SGP","Singapore","3.85049928877091","0",0,57005.574,"warm_coral"
"433","SLB","Solomon Islands","2804.80799679427","145.125081117998",5.17415385594548,2080.758,"warm_coral"
"434","SOM","Somalia","398.799681938048","0",0,558.643,"warm_coral"
"435","SYC","Seychelles","1493.61105483546","1402.49118105082",93.8993572999044,16721.449,"warm_coral"
"436","THA","Thailand","183.931960509407","115.985274360077",63.058793066116,5993.308,"warm_coral"
"437","TLS","Timor-Leste","35.0497470582209","9.55487220152923",27.2608877480847,1335.544,"warm_coral"
"438","TON","Tonga","992.045050511086","164.60043727206",16.5920325077233,4181.064,"warm_coral"
"439","TTO","Trinidad and Tobago","32.025848022524","4.99522785364437",15.5974881605982,17149.368,"warm_coral"
"440","TUV","Tuvalu","885.565367509401","66.2450348045415",7.48053585144726,3871.034,"warm_coral"
"441","USA","United States","4089.96838663447","3573.66325826619",87.376305155426,58179.697,"warm_coral"
"442","VCT","Saint Vincent and the Grenadines","38.7063756302732","18.7420668764878",48.421136237383,7389.41,"warm_coral"
"443","VUT","Vanuatu","706.934537986606","2.40953728927308",0.340843056860059,2929.483,"warm_coral"
"444","WSM","Samoa","199.995942811373","20.073195987639",10.036801599806,4325.408,"warm_coral"
"445","YEM","Yemen","652.240702385378","1.65589449712139",0.253877823181755,975.359,"warm_coral"
"446","ZAF","South Africa","1.39881332507099","1.39881332507099",100,5721.189,"warm_coral"
